<?xml version="1.0" encoding="UTF-8"?>
<project-private xmlns="http://www.netbeans.org/ns/project-private/1">
    <editor-bookmarks xmlns="http://www.netbeans.org/ns/editor-bookmarks/2" lastBookmarkId="0"/>
    <open-files xmlns="http://www.netbeans.org/ns/projectui-open-files/2">
        <group/>
        <group name="GameEnginePhysicsBook">
            <file>file:/C:/Users/Kelvin/Desktop/GitHub/GameEnginePhysicsBook/Chapter5/Chapter5.1ACoolDemo/public_html/RigidBody/Rectangle.js</file>
            <file>file:/C:/Users/Kelvin/Desktop/GitHub/GameEnginePhysicsBook/Chapter5/Chapter5.1ACoolDemo/public_html/RigidBody/RigidShape.js</file>
            <file>file:/C:/Users/Kelvin/Desktop/GitHub/GameEnginePhysicsBook/Chapter5/Chapter5.1ACoolDemo/public_html/RigidBody/Circle.js</file>
        </group>
    </open-files>
</project-private>
