<?xml version="1.0" encoding="UTF-8"?>
<project-private xmlns="http://www.netbeans.org/ns/project-private/1">
    <editor-bookmarks xmlns="http://www.netbeans.org/ns/editor-bookmarks/2" lastBookmarkId="0"/>
    <open-files xmlns="http://www.netbeans.org/ns/projectui-open-files/2">
        <group name="GameEngineRotatePhysics"/>
        <group>
            <file>file:/C:/Users/Administrator/Google%20云端硬盘/GameEnginePhysics/5.Submissions/SourceCode/Chapter1/Chapter1.1HTML5Canvas/public_html/EngineCore/Core.js</file>
            <file>file:/C:/Users/Administrator/Google%20云端硬盘/GameEnginePhysics/5.Submissions/SourceCode/Chapter1/Chapter1.1HTML5Canvas/public_html/index.html</file>
            <file>file:/C:/Users/Administrator/Google%20云端硬盘/GameEnginePhysics/5.Submissions/SourceCode/Chapter1/Chapter1.1HTML5Canvas/public_html/UserControl.js</file>
        </group>
    </open-files>
</project-private>
